{
  "polygons": [
    {
      "coord": [
        {
          "x": 559.2744904158767,
          "y": 41.6848908627355
        },
        {
          "x": 705.3591153073447,
          "y": 349.11449258074924
        }
      ],
      "label": "Kettle",
      "id": "462f"
    },
    {
      "coord": [
        {
          "x": 70.80158646165341,
          "y": 45.32279731189843
        },
        {
          "x": 528.5232508653235,
          "y": 305.7156068274205
        }
      ],
      "label": "Obscure",
      "id": "e232"
    }
  ]
}